title,price,rating
PlayStation®4 Console – Call of Duty® Modern Warfare II Bundle,,4.4 out of 5 stars
"Wireless Controller for PS4, Custom Design V2 Gamepad Joystick for PS4 with Non-Slip Grip of Both Sides and 3.5mm Audio Jack! Thumb Caps Included! (Galaxy)",,4.3 out of 5 stars
"Wireless Controller Dual Vibration Game Joystick Controller for Ps4 Controller/Slim/Pro,Compatible with PS4 Console",,4.3 out of 5 stars
$250 PlayStation Store Gift Card [Digital Code],,4.3 out of 5 stars
"PS4 Controller Charger Dock Station, OIVO 1.8Hrs PS4 Controller Charging Dock, Charging Station Replacement for PlayStation 4 Dualshock 4 Charger",,4.7 out of 5 stars
"FASIGO PS4 Controller 2 Pack, Wireless PS4 Controller for PS4 / Pro/Slim & PC, with 2 USB C Cable - Black",,4.3 out of 5 stars
EA SPORTS FC 25 - PlayStation 4,,4.5 out of 5 stars
Grand Theft Auto V: Premium Edition (PS4),,4.3 out of 5 stars
"Wuthur PS4 Controller Wireless 2 Pack, Compatible with PlayStation 4 - Black & White",,4.3 out of 5 stars
"OIVO PS4 Stand with PS4 Cooling Fan Cooler for PlayStation 4/PS4 Slim/PS4 Pro, PS4 Pro Vertical Stand with PS4 Controller Charger Dock Station and 12 Game Slots",,4.5 out of 5 stars
Sony Playstation PS4 1TB Black Console,,4.3 out of 5 stars
"Playstation Sony 4, 500GB Slim System [CUH-2215AB01], Black, 3003347",,4.4 out of 5 stars
PlayStation 4 Slim 1TB Console,,4.3 out of 5 stars
Sony PlayStation 4 Pro 1TB Console - Black (PS4 Pro),,4.6 out of 5 stars
PlayStation 4 500GB Console [Old Model][Discontinued],,4.6 out of 5 stars
RPlay Play-Station 4 PS4 1TB Slim Edition Jet Black With 1 Wireless Controller,,4.3 out of 5 stars
Sony PlayStation 2 Console - Black (Renewed),,4.6 out of 5 stars
PlayStation 4 Slim 500GB Console [Discontinued] (Renewed),,4.6 out of 5 stars
PlayStation 4 500GB Console (Renewed),,4.4 out of 5 stars
"Sony PlayStation 4 Pro w/ Accessories, 1TB HDD, CUH-7215B - Jet Black (Renewed)",,4.3 out of 5 stars
Sony Playstation 3 160GB System (Renewed),,4.4 out of 5 stars
"Sony Playstation 3 160GB CECH-3001A, Console Only (Renewed)",,4.3 out of 5 stars
PlayStation 3 Slim Console 120GB (Old Model) (Renewed),,4.4 out of 5 stars
Sony - PlayStation 4 Pro Console (3002470) Jet Black - 1TB - Renewed,,4.6 out of 5 stars
"BUFFALO External SSD 4.0TB Officially Licensed Product, Compatible with PS 5 / PS 4 Consoles - USB3.2 Gen2 Type A and C - Portable Anti Shock IP55 Dust and Water Resistant SSD-PHO4.0U3B",,4.5 out of 5 stars
"Wireless Controller for PS4, High Performance Double Shock Game Controller Compatible with Playstation 4 (Black)",,4.3 out of 5 stars
"RIG 600 PRO HS Dual Wireless Multiplatform Gaming Headset with Bluetooth for PlayStation PS4, PS5, Nintendo Switch, PC, USB & Mobile",,4.6 out of 5 stars
